CODIGO_POSTAL,edad_media,p_poblacion_menor_de_18,p_poblacion_mayor_65,media_personas_por_hogar,p_hogares_unipersonales,poblacion,crecimiento_poblaconal_2015,renta_media_por_persona,renta_media_por_hogar,p_masculinidad,p_reemplazamiento,p_dependientes,p_analfabetas,p_desempleo,p_ocup_agropecuaria,p_ocup_pesca,p_ocup_mineria,p_ocup_manufactura,p_ocup_dirstr_gas_elec_agua,p_ocup_construccion,p_ocup_automotriz,p_ocup_hosteleria,p_ocup_transporte,p_ocup_financiera,p_ocup_inmobiliarias,p_ocup_adm_publica,p_ocup_educacion,p_ocup_medicina,p_ocup_otros,p_casas_con_servicio_domestico,p_extranjeros,p_solteros,p_casados,p_viudos,p_separados,p_divorciados,p_agropecuario,p_cultural,p_deportivo,p_estaciones_combustible,p_industrial,p_oficina,p_otros,p_publico,p_residencial,p_retail,p_salud,p_vial,p_zonas_verdes
28001, , , , , , ,,,,74.8,1.2,0.6,0.3,18.6,0.009042719,0.000155909,0.000935454,0.131197381,0.007795447,0.042719052,0.125194886,0.035703149,0.061194263,0.071874026,0.131431244,0.103991269,0.082943561,0.069301528,0.065091986,0.0601029,0.056014541,0.502643754,0.367068738,0.098452302,0.014926195,0.016909011,0,0.020257238,0,0.000116969,0.042024146,0.012256893,0.002776203,0.013162533,0.499628952,0,0,0.390934993,0.018842074
28002,37.2,22,10.2,2.8,22.3,4151,0.014666341,12088,35093,81.3,1.1,0.5,0.3,18.3,0.004927782,4.25E-05,0.000594732,0.142863212,0.010407816,0.049065421,0.123661852,0.038105353,0.070390824,0.080331351,0.122557349,0.115802889,0.088232795,0.066015293,0.05624469,0.029651657,0.050581331,0.488066582,0.410707824,0.073221,0.013734837,0.014269757,0.000699733,0.003343487,0.008938403,0.00101141,0.066477475,0.008379492,0.000909736,0.015632863,0.48349022,0,0,0.349143375,0.061973808
28003,49.6,12.6,25.8,1.92,49.5,198,-0.043478261,14638,28416,75.1,1.2,0.5,0.4,17.9,0.00500455,0,0.000568699,0.108166515,0.012340764,0.04333485,0.094176524,0.03372384,0.057950409,0.069324386,0.123976342,0.16355778,0.100375341,0.084281165,0.055959964,0.046007734,0.046913882,0.501101456,0.382735691,0.090401012,0.012605556,0.013156284,0,0.000739883,0.052969664,0.000349426,0.062103674,0.078339834,0.031001827,0.112712714,0.336950321,0,0,0.270417162,0.054415495
28004,38.6,22.9,13.7,2.88,20.7,8668,0.012735133,9240,27291,79.9,1.3,0.5,0.8,23.6,0.004575537,8.17E-05,0.000326824,0.123130975,0.004738949,0.048533377,0.125255331,0.108587303,0.064057521,0.049677261,0.094778985,0.101315467,0.083013318,0.060217338,0.072064711,0.058174687,0.095869716,0.521255703,0.346980089,0.095748859,0.018702601,0.017312747,0.000992421,0.003266625,0,0,0.033689919,0.03089142,0.003045379,0.05579129,0.55716838,0.000485207,0,0.255601521,0.059067838
28005,41.2,18.2,16.4,2.78,19.9,190260,-0.010690738,11267,32751,84.5,1.2,0.5,0.7,20.2,0.002944575,7.45E-05,0.000559097,0.133773156,0.00697007,0.049312311,0.140146856,0.054083268,0.073726192,0.068060681,0.085355399,0.139774125,0.097320064,0.067166126,0.05482873,0.025308435,0.041718044,0.477777778,0.414837649,0.080147965,0.014919852,0.012316756,0.000340325,0,0.021188259,0.000102501,0.016638986,0.014529759,0.02565553,0.047235628,0.333757715,0.001390361,0,0.317446844,0.22171409
28006,39.7,20.2,15.4,3,18.8,112307,0.009918708,18118,55269,74.6,1.1,0.5,0.3,18.1,0.009678878,9.05E-05,0.001266395,0.128267752,0.007507915,0.044595206,0.127001357,0.032383537,0.056354591,0.066123926,0.133785617,0.101673451,0.091994573,0.072636816,0.058796924,0.066304839,0.066507937,0.508095238,0.36215873,0.098888889,0.013555556,0.017301587,0,0.022701827,0.001511201,0.000559732,0.045252489,0.017611206,0.014532035,0.075153913,0.55913073,0,0.002218852,0.235684255,0.025643761
28007,42.7,18.3,21.4,2.65,22.5,166944,0.001631948,11941,32499,86,1.1,0.4,0.3,17.1,0.002598212,3.46E-05,0.000762142,0.138813829,0.008729994,0.047633895,0.117993487,0.028268551,0.069943879,0.095822074,0.112658491,0.132127763,0.092149934,0.085637082,0.046975681,0.019053558,0.031833234,0.484349823,0.43003413,0.062511895,0.011710672,0.011393481,0,0,0.019407943,0.000590549,0.035760026,0.021212986,0.021605879,0.02475677,0.388000735,0,0.007344899,0.39802471,0.083295503
28008,41.6,18.5,17.7,2.57,29.4,2582,0.014937107,9005,23453,78.6,1.2,0.5,0.4,19.3,0.005845733,0,0.000759186,0.112663225,0.007364106,0.043197692,0.107956271,0.040920134,0.063088369,0.061342241,0.111904039,0.155025812,0.099453386,0.07728515,0.071211661,0.041071971,0.050735708,0.485540457,0.387901691,0.09739755,0.013936909,0.015223393,0,0,0.009793957,0,0.01566494,0.017606523,0,0.030714807,0.246047043,0,0,0.307924295,0.372248436
28009,38.3,22.3,11.3,3.15,15,20057,0.00632181,14027,45155,77.4,1.1,0.6,0.3,18.6,0.004822029,0.000126896,0.00057103,0.122073472,0.007867521,0.042383098,0.117187996,0.033944547,0.06122708,0.078231077,0.121692786,0.128291352,0.087494448,0.094410253,0.056214707,0.042700336,0.042622371,0.479861096,0.389352149,0.099267877,0.014775165,0.016743713,0.000660697,0,0.005866707,0,0.028967587,0.019266789,0.000591782,0.051945638,0.231970551,0,0.004174726,0.149339612,0.50721591
28010,38.5,23.4,12.2,2.89,21.2,14167,-0.004217333,13302,39221,73.4,1.2,0.6,0.4,18.4,0.007306626,0.000125976,0.000566893,0.111048123,0.005794911,0.041887125,0.116213152,0.046422273,0.054295792,0.07420005,0.124653565,0.120181406,0.092970522,0.076467624,0.061161502,0.065507685,0.05938706,0.511032917,0.362179342,0.096118048,0.014143019,0.016526674,0.002495453,0.000353347,0.002419182,0.00015021,0.093382139,0.018496178,0,0.012175555,0.549156658,0,0,0.311798438,0.00957284
28011,45.5,15.8,22.4,2.22,36.3,545,-0.037102473,9516,21722,87.6,1.3,0.5,1,22.9,0.003625378,0.000129478,0.000388433,0.14302978,0.006430729,0.061933535,0.153172205,0.059473457,0.087742771,0.070996979,0.084462667,0.126370306,0.064738886,0.058351316,0.056883902,0.021622788,0.029309003,0.433382842,0.455350449,0.087601669,0.013565316,0.010099724,0.000159997,0,0.006665543,7.74E-05,0.004145961,0.008021316,0.003970611,0.004726364,0.065713263,0.00780281,0,0.058405882,0.840310816
28012,38.3,20.7,12.6,2.52,26.5,1237,0.018106996,10436,26905,81.5,1.3,0.5,1.3,24.7,0.003916165,0,0.000652694,0.128943361,0.004641381,0.060192907,0.149829574,0.095583436,0.06998332,0.050475016,0.083399811,0.090724491,0.084197549,0.058307346,0.07230401,0.045761114,0.076719113,0.489681567,0.373039498,0.103034245,0.018985917,0.015258774,0.002212351,0.023578054,0,0.001135932,0.090789867,0.038883466,0.00580132,0.036851632,0.5151802,0,0,0.252680106,0.032887072
28013,39.6,21.2,15.1,2.82,22.2,57117,-0.003767464,10640,30880,78.8,1.2,0.5,0.8,19.6,0.003283302,0,0.000234522,0.113273921,0.005393996,0.044793621,0.114915572,0.101078799,0.061210131,0.051125704,0.103893058,0.104831144,0.092401501,0.052298311,0.083255159,0.066604128,0.082531831,0.520014656,0.347439773,0.095264267,0.018228451,0.019052853,0,0.059541905,0,0,0.025935949,0.022952416,0.016069634,0.016582122,0.310876943,0,0,0.181936902,0.366104129
28014,37.4,21.9,10.9,2.95,17.4,52535,0.000800107,10176,30733,83.3,1.3,0.5,0.6,20.9,0.007110625,0,0.000273486,0.106385888,0.006700397,0.044031177,0.103240804,0.064816081,0.059346369,0.065226309,0.113223027,0.155476549,0.092301381,0.062901682,0.06919185,0.048680432,0.059074628,0.49712968,0.382954713,0.090918012,0.014032677,0.014964918,0,0.008302917,0,0.00119351,0.013032179,0.086648648,0.00612776,0.07216804,0.33614127,0,0,0.318172979,0.158212697
28015,31.9,29.6,4.7,3.06,14.5,28889,0.034298808,12704,39143,75.9,1.2,0.6,0.4,18.7,0.004586135,4.45E-05,0.000489781,0.109087671,0.006723363,0.039583241,0.114163587,0.045994924,0.06255844,0.062825593,0.108909569,0.151565074,0.107395699,0.081170132,0.059797854,0.043946747,0.049367371,0.488622239,0.38207923,0.101539344,0.014246104,0.013513083,0.002195552,0.000241667,0,0.001185042,0.031191892,0.048463427,0,0.065563398,0.555554454,0,0,0.269566599,0.02603797
28016, , , , , , ,,,,82.8,1.2,0.5,0.2,18.5,0.006251861,7.44E-05,0.00096755,0.13813635,0.009601072,0.04651682,0.119901756,0.026421554,0.062667461,0.076287586,0.140741292,0.125632629,0.093033641,0.065793391,0.058797261,0.0282078,0.05831854,0.493945576,0.405898095,0.07201717,0.013327681,0.014811478,0,0,0.022242969,0.001832511,0.086831225,0.00086856,0.003344283,0.033565248,0.473518369,0,0.006571298,0.311934031,0.059291506
28017,41.3,19.2,13.5,2.78,19.9,1606,0.027511196,11875,33600,88.4,1.2,0.4,1,21.9,0.002913676,7.95E-05,0.000476783,0.171853892,0.00648955,0.071861839,0.158689376,0.057743755,0.103514952,0.065160385,0.084364156,0.092972744,0.055147935,0.055757158,0.049453024,0.02312399,0.02957068,0.445813033,0.460914319,0.072374446,0.012683615,0.008214587,0.000378699,0.000487283,0.021708394,0.000778346,0.01635661,0.000220105,0.014855912,0.280376405,0.317452464,0,0.000221105,0.234601518,0.112563161
28018,40,21.7,14.6,2.67,26.1,5445,0.007214206,12807,34291,91.7,1.5,0.5,3.4,27,0.00363647,0,0.000791812,0.164257016,0.004809525,0.122349629,0.176016892,0.064781958,0.09630781,0.036775272,0.069914074,0.080735505,0.041174228,0.047391419,0.060558961,0.030118185,0.021913302,0.441665595,0.460170161,0.075773167,0.014305665,0.008085411,0,0.000406853,0.01568124,0,0.004678578,0.002828623,0.000653745,0.060629604,0.231527538,0,0.000378053,0.498812284,0.184403481
28019,41.6,17.8,16.8,2.53,25.3,1624,0.009322561,9739,24655,87.8,1.3,0.5,1.4,24.3,0.004257145,3.30E-05,0.000627021,0.172529866,0.00646822,0.06969837,0.161342486,0.058477988,0.087188964,0.0558709,0.078311663,0.109893736,0.057916969,0.059798033,0.053263811,0.024189822,0.030194659,0.446262531,0.4541083,0.077742443,0.01311663,0.008770096,0,0,0.012801693,0.001073978,0.039476873,0.000220005,0.003322284,0.090927581,0.279451619,0,0,0.311393636,0.261332331
28021,41.3,20.1,16.3,2.36,32.7,643,0,10515,26074,95,1.5,0.4,3.2,26.5,0.004126316,0,0.000926316,0.215368421,0.006947368,0.116210526,0.169221053,0.058357895,0.104252632,0.027705263,0.069431579,0.071031579,0.032168421,0.045305263,0.049389474,0.029178947,0.020217629,0.442637306,0.474573434,0.065726611,0.011216277,0.005846372,0,0.00120063,0.022811116,0.011793886,0.149748651,0.006281137,0.214084182,0.069322045,0.082560039,0.001846267,0.000107962,0.295493188,0.144750896
28020,45.6,13.1,20.3,1.91,51.3,153,-0.019230769,12742,25153,81,1.2,0.5,0.5,20.5,0.004253439,5.52E-05,0.000828592,0.124620229,0.009059272,0.049494559,0.12246589,0.044799205,0.065790201,0.064630172,0.117715296,0.147710324,0.083411589,0.075733304,0.057890957,0.03082362,0.055803789,0.494858637,0.395602037,0.082769117,0.012994868,0.013775341,0.001224744,0,0.00406844,0.000244591,0.067911858,0.020542606,0.002969899,0.048218052,0.454798622,0,0,0.339624805,0.060396383
28022,35.9,28.2,9.9,3.3,13,50036,0.041180265,19702,65201,95.5,1.3,0.4,1.7,21.3,0.003121998,0.000180115,0.000720461,0.204070605,0.005523535,0.072826609,0.153638329,0.053134006,0.122538425,0.060518732,0.069104227,0.090297791,0.047670509,0.04304755,0.052773775,0.020473103,0.022582936,0.462814406,0.469248767,0.051349545,0.009985794,0.006601487,0,0,0.016818941,0.000370955,0.143610332,0.005296896,0.074619389,0.107018615,0.140997716,0.000597528,0,0.402118885,0.108550742
28023,37.7,24.9,11.3,2.81,23,7324,0.027929825,12906,36820,87.8,1.3,0.4,0.6,14.7,0.008838384,0,0.000789141,0.144412879,0.008522727,0.049242424,0.116003788,0.031407828,0.066287879,0.081123737,0.127209596,0.085385101,0.090435606,0.06897096,0.065498737,0.054924242,0.067404734,0.529818338,0.409260505,0.0409811,0.010214692,0.009725365,0,0,0.192701974,0.001098211,0.024112645,0.00123606,0.112265203,0.023695773,0.374582118,0.001044755,0.000124037,0.179036848,0.090102376
28024,41.1,15.4,14.9,2.34,37.1,208,0.034825871,11323,26729,92.5,1.3,0.3,0.7,22.9,0.004161738,0,0.000481885,0.137424979,0.005607395,0.065711657,0.138257327,0.054978753,0.096727559,0.059797608,0.077014062,0.158803172,0.068690586,0.055723485,0.053533097,0.022823849,0.035831896,0.473106476,0.452344363,0.056311745,0.01030265,0.007934766,0,0,0.008461612,0.000200131,0.003289277,0,0.553856993,0.043258706,0.146662732,0.002074202,0.000258169,0.183098339,0.058839837
28025,47.7,14.9,28.2,2.08,41.8,497,-0.015841584,8868,18836,89,1.3,0.5,1.8,24.8,0.004395527,0.000105493,0.000597792,0.175082636,0.008122934,0.08847317,0.172410155,0.062064843,0.09114565,0.046557423,0.073493213,0.088613827,0.050109009,0.05570012,0.056473732,0.026302834,0.028048154,0.444034918,0.455731158,0.079340446,0.012894392,0.007999087,0.00011372,0,0.010376411,0,0.01240983,0.00067318,0,0.070245901,0.19737507,0,0,0.233833877,0.474972011
28026,37.3,23.1,10.6,3.06,18.4,10220,0.0120816,11469,36029,88.8,1.3,0.5,1.5,24.6,0.003201659,9.02E-05,0.000541126,0.181547619,0.005546537,0.076343795,0.167388167,0.065882035,0.093930375,0.047032828,0.07580267,0.098033911,0.048430736,0.051902958,0.055284993,0.028589466,0.026932776,0.43046329,0.465811658,0.081864688,0.013185388,0.008674977,0.000982568,0,0.053365613,0.004010988,0.034941543,0.00564512,0.003826344,0.036158644,0.305781172,0,0,0.286403247,0.26888476
28027,40.8,20.6,16.4,2.72,25.1,1745,-0.001716247,10557,29358,84,1.2,0.5,0.7,20.6,0.004053044,0,0.000472199,0.169362137,0.009522685,0.063471452,0.144178177,0.043521033,0.088891512,0.066540747,0.102703341,0.100027545,0.074804234,0.058670759,0.051272971,0.021721166,0.037502915,0.464986763,0.42980206,0.078736917,0.013717233,0.012757027,0,1.01E-05,0.021221592,0.001755729,0.091573861,0.028064215,0.001586542,0.041753272,0.365557655,0,0,0.307417487,0.141059514
28028,41.2,20.1,14.7,2.32,36.6,2385,0.014893617,11404,26857,79.9,1.2,0.5,0.3,18.9,0.004106871,0.000138434,0.000415302,0.143140603,0.008029163,0.046836786,0.125836371,0.038530755,0.070001384,0.076046329,0.117668774,0.120068294,0.096995985,0.069678372,0.054127636,0.027594481,0.0429247,0.482770594,0.409206654,0.081203082,0.013872813,0.012946857,0,0.008014547,0.035051219,0.000109736,0.042885929,0.001425675,0.0093531,0.016798146,0.380658515,0,0,0.383439159,0.122263973
28029,42.3,20.5,16.8,2.44,31.7,692,-0.008595989,14561,35456,88.9,1.2,0.4,1.4,20.7,0.003643921,0,0.000512426,0.149002192,0.00791414,0.072365986,0.146126911,0.057050132,0.083952515,0.06271529,0.087084009,0.103453184,0.068295044,0.075155863,0.050189313,0.031798901,0.035692686,0.476459433,0.438142586,0.064261186,0.011993235,0.00914356,0,0,0.019288424,0.001178137,0.009547151,0.004733293,0.000905677,0.107658053,0.305625325,0,0.018008005,0.337260773,0.195795163
28030,40.8,18.7,15,2.73,27.2,2510,0.004,10790,30431,92.7,1.3,0.4,1.2,20.9,0.003227923,0.000131216,0.000656082,0.157328435,0.007925469,0.06786511,0.152289726,0.041411888,0.090119407,0.074793334,0.089778244,0.120771552,0.06450597,0.060516993,0.047027949,0.021020863,0.023355712,0.459072978,0.460296237,0.0604802,0.011217949,0.008932635,0,0.000337291,0.065288745,9.44E-05,0.015729675,0.000877048,0.00278384,0.057750609,0.341194327,0.000358401,0.000433078,0.265026135,0.250126442
28031,42.4,17.6,19.5,2.61,29.9,2962,0.060508414,7718,20619,96.7,1.5,0.4,2.8,22.4,0.004252646,0,0.000918185,0.188082927,0.006523945,0.103658242,0.172667085,0.04963031,0.098197458,0.058135601,0.075581114,0.078094041,0.042284831,0.047745614,0.053158073,0.020828299,0.020594966,0.455895372,0.480432277,0.046067247,0.011575273,0.006029832,0.000184408,0.000419043,0.026576201,0.002373715,0.197508074,0.011408233,0.01347423,0.096259809,0.175297434,0.000964502,0.001615763,0.320610601,0.153307989
28032,36.6,24.8,10,2.89,17.6,7054,0.006133219,11006,32351,98.3,1.4,0.4,3,24.2,0.00341244,7.76E-05,0.000775555,0.19117419,0.005739103,0.123235613,0.173646657,0.061889251,0.109042966,0.03172018,0.072204126,0.075151233,0.032728401,0.038157282,0.052737707,0.02830774,0.018667021,0.454673394,0.478465215,0.051486989,0.009904408,0.005469995,0,0.000305674,0.019215642,0.00129412,0.01483067,0.001584128,0.33747353,0.060558099,0.096431332,0,0.000143413,0.280200847,0.187962545
28033,37.5,21.8,10.5,2.75,22,5900,0.027337628,10265,28475,92.9,1.3,0.4,1,21.1,0.004096707,0.000155178,0.00071382,0.167499457,0.007169237,0.074268334,0.150429844,0.047174203,0.084106639,0.071382018,0.100896931,0.102479749,0.059340182,0.056857329,0.049036343,0.023587102,0.038241656,0.486700954,0.440711637,0.050326682,0.012449232,0.009811496,0,0,0.04083071,0.002328123,0.054512706,0.000821461,0.017708062,0.087971602,0.341685283,0,0.001260595,0.288348297,0.164533161
28034,49.8,13.9,27.3,1.99,45.2,454,-0.010893246,9254,19364,92.9,1.3,0.4,0.9,19,0.003381844,0,0.000835962,0.150777064,0.010145533,0.063229091,0.130751985,0.033780446,0.091841775,0.074096592,0.105749136,0.109662956,0.078580385,0.082684197,0.045445909,0.018315158,0.035979456,0.50131466,0.430268518,0.050978843,0.009822487,0.007615493,0,0.00057278,0.02844122,0.0023497,0.058317889,0.015228564,0.005310066,0.067020727,0.338528127,0.00439205,0.00358199,0.355479613,0.120777275
28035,41.3,19.5,17.3,2.5,30.4,1973,0.001014713,8705,22610,92.7,1.2,0.4,1.1,17.9,0.004247948,0.000164969,0.000948571,0.141130862,0.008702107,0.064915247,0.133789747,0.038025323,0.095475729,0.070895368,0.096671753,0.107642183,0.077824061,0.083309275,0.049449416,0.026312534,0.050810015,0.50903596,0.428080511,0.043799092,0.010247914,0.008836524,0,7.08E-05,0.317875787,0.000223036,0.011133406,0.002891565,0.008788684,0.02911084,0.3118648,0.000717163,0,0.220671354,0.09665253
28036,35.8,25,7.9,2.91,16,3604,0.01207526,10135,30019,86.2,1.3,0.4,0.2,17,0.006640106,0,0.000774679,0.139774236,0.01272687,0.046148738,0.111111111,0.026671093,0.066290394,0.081894644,0.152169101,0.10336432,0.090194776,0.062527667,0.057215582,0.041500664,0.082977655,0.517700226,0.398066784,0.056071638,0.013515775,0.014645577,0,0.00518039,0.01642721,0.000347469,0.065906666,0.016848438,0.001761001,0.101763679,0.300559328,0,0,0.38798777,0.103218051
28037,46,15.1,24.8,2.43,33.7,1928,-0.008230453,8113,19803,89.4,1.4,0.6,2.9,29.6,0.003278151,0,0.000437087,0.185871169,0.005518221,0.104518385,0.170682402,0.065344479,0.090586243,0.038846091,0.082554772,0.079221985,0.034365951,0.046331203,0.063159045,0.028683822,0.014329068,0.417169853,0.457419516,0.100037543,0.016253168,0.00911992,0,0,0.019599634,0.00100408,0.221194969,0.015171851,0.004412616,0.087580475,0.277220071,0,0,0.289113403,0.084702901
28038,41.6,18.3,16.1,2.63,30.8,6772,0.021417798,11744,31216,93,1.5,0.5,3.2,27,0.003656003,0,0.000775516,0.166015787,0.005234732,0.119567927,0.179864285,0.06303836,0.100983243,0.036199972,0.066112727,0.080847528,0.036504639,0.042348705,0.064810968,0.033596455,0.023308576,0.453645955,0.454430958,0.071107546,0.013534846,0.007280695,0,0.000821294,0.004726576,0,0.051483172,0.001581544,0,0.066251243,0.304617093,0,0,0.434117823,0.136401256
28039,49.3,13.5,31,2.07,41.3,155,-0.018987342,12148,24945,83.7,1.3,0.5,1,21.8,0.003570072,0,0.00072161,0.149791113,0.007861755,0.066160273,0.147512343,0.06346373,0.078617547,0.050930498,0.088872009,0.107102165,0.076680592,0.069654387,0.056437524,0.032244588,0.041144429,0.460838754,0.427084986,0.087141044,0.01368396,0.011251256,0.000607932,0.000429526,0.028025863,0,0.018512644,0,0.003819372,0.061935782,0.510171489,0,0,0.250407006,0.126090385
28051,40.3,21.6,16.5,2.79,25.2,2171,0.012121212,10014,28534,104.2,3.1,0.6,13.5,35.9,0.018867925,0,0,0.13836478,0,0.100628931,0.41509434,0.056603774,0.050314465,0.012578616,0.025157233,0.018867925,0.006289308,0,0.132075472,0.025157233,0.028885832,0.624484182,0.33562586,0.017881706,0.019257221,0.002751032,0,0,0.005032619,0.001669681,0.028654953,0.0035668,0.283230848,0.109854922,0.059900274,0.006803535,0,0.233051966,0.268234402
28052,42.6,17,18.2,2.57,26.5,5179,-0.009940738,8884,23788,110.7,2,0.5,21.3,32.5,0.007692308,0,0,0.166666667,0.002564103,0.156410256,0.366666667,0.053846154,0.064102564,0.005128205,0.038461538,0.015384615,0.007692308,0.015384615,0.08974359,0.01025641,0.02039429,0.598232495,0.358939497,0.029911625,0.006798097,0.006118287,0,0,0.005017265,0.003048232,0.117233438,0.01196656,0.021388155,0.127769045,0.127161512,0.008958627,0,0.356897804,0.220559361
28040,37.4,22.1,10.8,2.82,20.8,22081,0.004320932,9806,28079,83,1.2,0.4,0.1,15.4,0.002739726,0.000249066,0.00124533,0.098381071,0.00871731,0.044582814,0.088169365,0.036363636,0.053549191,0.054296389,0.099875467,0.159153176,0.181818182,0.096886675,0.052303861,0.021668742,0.034812881,0.506043903,0.40634368,0.065854366,0.010443864,0.011314186,0,0.019697494,0.048703273,0,0.014434683,0.055731979,0,0.232611445,0.037097967,0,0.012709415,0.159267077,0.419746667
28041,35.3,25.9,7.2,3.13,16,7046,0.017766864,15288,48264,94.5,1.4,0.4,2.8,26.8,0.004653441,3.50E-05,0.000524824,0.199608131,0.005668101,0.102340716,0.169483223,0.054336797,0.093558658,0.037752353,0.077499038,0.081487702,0.041461111,0.05265736,0.052937266,0.025716385,0.019482537,0.45324635,0.46867927,0.060389207,0.01171615,0.005969023,0.000238043,0.000299923,0.020259238,0.001086055,0.14864571,0.007028994,0.008949124,0.071639093,0.223809884,0.001171827,0.022354175,0.341517344,0.15300059
28046,39.6,22,13.6,2.79,23,6623,0.016265153,13398,37657,86,1.3,0.6,0.8,21,0.007019783,0.000319081,0.000957243,0.136247607,0.008296107,0.047862157,0.123165284,0.02425016,0.062539885,0.072431398,0.14932993,0.114869177,0.064454371,0.080408424,0.0488194,0.058391832,0.063362797,0.471248386,0.418909524,0.086205184,0.012116397,0.011520508,0,0,0,0.001009409,0,0.030733907,0.008545948,0.091390507,0.234965326,0,0,0.545463716,0.087891188
28047,39.1,20,12.5,2.86,21.4,61738,0.007293077,10977,32373,93.2,1.3,0.4,1.3,22.9,0.003639277,0,0.000534206,0.163032954,0.007612434,0.072017629,0.165937698,0.053186872,0.09829388,0.06620814,0.073353143,0.103702714,0.061800942,0.058729258,0.0500818,0.021635338,0.02715143,0.465373187,0.46049059,0.057006351,0.010021558,0.007108314,0,0,0.022962411,9.71E-05,0.014934091,0.002142687,0.003183798,0.113417106,0.357726658,0.000557127,0.014340472,0.227141371,0.243497185
28043,41.4,19.4,16.7,2.67,22.8,7808,-0.015632879,8408,23243,93.2,1.3,0.4,0.6,18.6,0.003414354,3.38E-05,0.000405666,0.171900882,0.00807951,0.068016632,0.147290491,0.039991887,0.091477638,0.078023055,0.104661776,0.095635712,0.066799635,0.057570738,0.046279707,0.019438153,0.045300054,0.486015619,0.448252601,0.044729263,0.011156371,0.009846146,0,0,0.023928065,0.002210174,0.052598369,0.003441216,0.000757164,0.060675582,0.472035624,0,0,0.242270018,0.142083789
28042,41.6,17.9,17,2.57,28.7,1581,0.016066838,11168,28853,97.5,1.3,0.3,1.3,19.3,0.004010898,0,0.000908128,0.165430604,0.005978508,0.066066293,0.124791887,0.060844559,0.172619949,0.068260935,0.0957318,0.077039504,0.058801271,0.041698199,0.042152263,0.015362494,0.044048786,0.494092345,0.444707612,0.039502341,0.012169226,0.009528477,0,7.58E-05,0.003989808,0.000334244,0.017264916,0.00077456,0.042762975,0.042911321,0.05132583,0.000744355,0,0.751689334,0.08812688
28045,38.3,21.3,11.8,2.93,19.7,47349,0.012812834,13238,39265,80.1,1.2,0.5,0.7,21.5,0.002621109,0,0.000748888,0.14186754,0.006084718,0.052609408,0.137842265,0.060753569,0.087105078,0.065200094,0.085981746,0.119307278,0.077463141,0.069974257,0.05728996,0.034402059,0.044613497,0.466323108,0.415100204,0.091419223,0.014151329,0.013006135,0.00127377,0,0.005982424,0.000264859,0.031477504,0.011931031,0.008457668,0.082781145,0.233416044,0.002563376,0.000472163,0.348329884,0.273050132
28044,37.3,24.6,10.8,3.06,17.3,8845,0.009357526,11805,37186,94.9,1.3,0.3,1.4,22.8,0.004296213,0,0.000376861,0.157866968,0.006557377,0.07816092,0.155907292,0.051893725,0.094931223,0.048765781,0.071829659,0.14757867,0.054267948,0.053740343,0.0552101,0.018353119,0.022946263,0.460796237,0.467317947,0.054672779,0.010143397,0.007069641,0.000381969,0,0.033073155,0.001009914,0.060482845,0.165540303,0.11561331,0.053178601,0.15718084,0.000567572,0,0.316396094,0.096575395
28048,39.3,20.4,15,2.56,24.3,686,0.023880597,10767,27624,91.8,1.3,0.5,1.1,19.9,0.007702182,0,0.001925546,0.077021823,0.005776637,0.047496791,0.096277279,0.047496791,0.043003851,0.035943517,0.070603338,0.419768935,0.055198973,0.0436457,0.032734275,0.015404365,0.011344178,0.432363014,0.465539384,0.085188356,0.010273973,0.006635274,0,0,0.001334147,2.01E-05,9.97E-06,0,0.978924852,0.004171624,0.000849505,0,0,0.005050865,0.00963889
28049,42.2,15.9,16.7,2.87,16.6,81350,-0.018578839,11255,33598,74.4,1.7,1.6,18,24.7,0.038297872,0,0,0.119148936,0.008510638,0.063829787,0.238297872,0.089361702,0.038297872,0.012765957,0.046808511,0.076595745,0.068085106,0.072340426,0.10212766,0.025531915,0.032172996,0.505801688,0.328586498,0.158755274,0.004219409,0.002637131,0,0.000705299,0.012272802,0.000376704,0.003022515,0.024524656,0.709894327,0.052097198,0.025624737,0.000904996,0,0.105213043,0.065363723
28050,34.6,28,7.6,3.17,12.1,5846,0.019354839,10704,34287,93.9,1.2,0.4,2.2,19.1,0.006254343,0,0.000694927,0.14628214,0.011466296,0.089298124,0.136553162,0.032314107,0.071230021,0.074009729,0.094162613,0.129256428,0.066365532,0.07609451,0.046907575,0.017373176,0.034898852,0.522063173,0.403643677,0.051106116,0.013959541,0.009227493,0.000335063,0.005105594,0.025048511,0.00157937,0.100886671,0.008025312,0.056099835,0.071813763,0.155889577,0.00780449,0.001852177,0.395305834,0.170253803
28053,34.6,28.6,6.4,3.12,14,10090,0.013662849,12817,40393,,,,,,,,,,,,,,,,,,,,,,,,,,,,0.093995182,0,0.00756885,0.000196069,0.005584914,0.002977626,0.001088703,0.030292272,0.07684187,0,0.00012691,0.538308698,0.243018906
28054,41.4,18.9,16.1,2.68,25.8,15281,0.012456105,12999,35849,,,,,,,,,,,,,,,,,,,,,,,,,,,,0,0,0.034770915,0.007804699,0.095680038,0,0.032137026,0.224407134,0.125462701,0.008186948,0,0.237832336,0.233718202
28055,44,15.8,20.6,2.64,26.9,1149,-0.051980198,7913,22639,,,,,,,,,,,,,,,,,,,,,,,,,,,,0,0,0.164822353,0.000652613,0.004035002,0.035006737,0.093770036,0.047207528,0.108386991,0.00290241,0,0.211011579,0.332204749
28056,37.6,23.9,12.3,2.78,25.8,1557,0.008419689,8716,24610,,,,,,,,,,,,,,,,,,,,,,,,,,,,,,,,,,,,,,,,
28057,38.3,23.8,13.2,2.73,23.9,2076,0.02316412,11215,31066,,,,,,,,,,,,,,,,,,,,,,,,,,,,,,,,,,,,,,,,
28058,38.9,19.7,10.3,2.99,14.2,192245,-0.000914661,9509,29183,,,,,,,,,,,,,,,,,,,,,,,,,,,,,,,,,,,,,,,,
28059,39.1,20.9,12.8,2.91,20.3,6287,0.002871271,11479,33881,,,,,,,,,,,,,,,,,,,,,,,,,,,,,,,,,,,,,,,,
28060,42.2,16.7,17.2,2.46,28.6,1931,0.003116883,8687,21953,,,,,,,,,,,,,,,,,,,,,,,,,,,,,,,,,,,,,,,,
28061,38.6,21.4,11.9,2.91,20.3,32401,0.015005325,12941,38641,,,,,,,,,,,,,,,,,,,,,,,,,,,,,,,,,,,,,,,,
28062,47,10.6,19.6,2.08,42.1,331,-0.056980057,13897,29219,,,,,,,,,,,,,,,,,,,,,,,,,,,,,,,,,,,,,,,,
28063,47.2,15.1,20.1,1.9,44.3,318,-0.03343465,11513,23166,,,,,,,,,,,,,,,,,,,,,,,,,,,,,,,,,,,,,,,,
28064,42,18.2,16.5,2.26,39.7,176,0.029239766,12842,28978,,,,,,,,,,,,,,,,,,,,,,,,,,,,,,,,,,,,,,,,
28065,41.3,18.5,18.7,2.64,22.3,176781,0.013187758,11811,31763,,,,,,,,,,,,,,,,,,,,,,,,,,,,,,,,,,,,,,,,
28066,38.1,22.6,10.9,3.06,14.4,9762,0.017298875,11976,37071,,,,,,,,,,,,,,,,,,,,,,,,,,,,,,,,,,,,,,,,
28067,38.8,22.7,12.5,2.78,23,5933,0.004571622,10821,30502,,,,,,,,,,,,,,,,,,,,,,,,,,,,,,,,,,,,,,,,
28068,40.3,20.8,15.2,2.76,22.9,15236,0.005610191,12547,34926,,,,,,,,,,,,,,,,,,,,,,,,,,,,,,,,,,,,,,,,
28069, , , , , , ,,,,,,,,,,,,,,,,,,,,,,,,,,,,,,,,,,,,,,,,,,,
28070,46.6,12.1,26.2,1.83,55.8,141,-0.013986014,13697,24920,,,,,,,,,,,,,,,,,,,,,,,,,,,,,,,,,,,,,,,,
28071, , , , , , ,,,,114.4,1.3,0.4,0.4,14.1,0.008196721,0,0,0.180327869,0,0.114754098,0.040983607,0.016393443,0.040983607,0,0.081967213,0.426229508,0.040983607,0.040983607,0.008196721,0,0.006711409,0.473154362,0.493288591,0.016778523,0.006711409,0.010067114,,,,,,,,,,,,,
28072,40.1,20.9,13.9,2.82,23.8,7915,0.012925518,14913,42524,,,,,,,,,,,,,,,,,,,,,,,,,,,,,,,,,,,,,,,,
28073,34.5,25.6,7.2,3.05,15.9,19235,-0.000519615,8917,27610,,,,,,,,,,,,,,,,,,,,,,,,,,,,,,,,,,,,,,,,
28074,42.6,17.9,21.1,2.66,21.7,185742,0.002320411,11211,30164,,,,,,,,,,,,,,,,,,,,,,,,,,,,,,,,,,,,,,,,
28075,35.4,24.8,7.6,2.9,19.4,8432,0.023673668,10639,31270,,,,,,,,,,,,,,,,,,,,,,,,,,,,,,,,,,,,,,,,
28076,47.9,11.9,24.4,2.16,39.7,554,-0.04974271,12951,28419,,,,,,,,,,,,,,,,,,,,,,,,,,,,,,,,,,,,,,,,
28901,41.8,18.4,17.4,2.5,33.8,1173,0.018229167,9396,24640,97.9,1.4,0.4,1.8,23.8,0.005453797,0,0.000411607,0.283391644,0.004013171,0.116793579,0.160423956,0.045997119,0.065548467,0.025108047,0.06626878,0.090965219,0.049187076,0.03426631,0.035809837,0.016155588,0.021444383,0.460639181,0.475096846,0.048284449,0.010687604,0.00529192,,,,,,,,,,,,,
28078, , , , , , ,,,,,,,,,,,,,,,,,,,,,,,,,,,,,,,,,,,,,,,,,,,
28079,43.5,16.2,20.4,2.49,30.6,3131879,0.003426263,15717,39613,,,,,,,,,,,,,,,,,,,,,,,,,,,,,,,,,,,,,,,,
28080,39.1,22.5,14.9,3.19,16.1,70191,0.004536738,18624,60937,,,,,,,,,,,,,,,,,,,,,,,,,,,,,,,,,,,,,,,,
28082,38.4,22.5,11.8,2.61,28.1,8486,0.016774503,12750,33814,,,,,,,,,,,,,,,,,,,,,,,,,,,,,,,,,,,,,,,,
28083,35.7,23.6,7.1,3.06,14.9,13545,0.021185163,11328,35091,,,,,,,,,,,,,,,,,,,,,,,,,,,,,,,,,,,,,,,,
28084,38.1,20.8,10.3,2.92,16.7,22850,0.004174907,9866,29084,,,,,,,,,,,,,,,,,,,,,,,,,,,,,,,,,,,,,,,,
28085,40.6,19.5,14.4,2.57,28,5781,0.002775369,11294,29913,,,,,,,,,,,,,,,,,,,,,,,,,,,,,,,,,,,,,,,,
28086,37.5,21.9,10.8,2.71,25.1,8324,0.017728329,9705,27491,,,,,,,,,,,,,,,,,,,,,,,,,,,,,,,,,,,,,,,,
28087,41.7,18.5,16.4,2.68,25.5,4255,-0.009774261,12161,34691,,,,,,,,,,,,,,,,,,,,,,,,,,,,,,,,,,,,,,,,
28088,44.7,20.9,22.3,2.37,40.9,301,0,10219,24280,,,,,,,,,,,,,,,,,,,,,,,,,,,,,,,,,,,,,,,,
28089,38.3,21.3,10.6,3.08,14.1,4853,-0.023344737,10452,33058,,,,,,,,,,,,,,,,,,,,,,,,,,,,,,,,,,,,,,,,
28090,38.4,23.9,11.9,2.99,19.9,12335,0.01023751,13380,41190,,,,,,,,,,,,,,,,,,,,,,,,,,,,,,,,,,,,,,,,
28091,39.5,19.8,14.4,2.75,22.5,7204,0.005443126,9336,25842,,,,,,,,,,,,,,,,,,,,,,,,,,,,,,,,,,,,,,,,
28092,41.8,17,17.9,2.78,18.7,203472,0.003254245,10698,30231,,,,,,,,,,,,,,,,,,,,,,,,,,,,,,,,,,,,,,,,
28093,43,17.7,18.1,2.53,30.7,2904,0.003455425,13483,35106,,,,,,,,,,,,,,,,,,,,,,,,,,,,,,,,,,,,,,,,
28094,38.8,21.1,11.4,2.5,28.5,1337,0.042088854,10772,27761,,,,,,,,,,,,,,,,,,,,,,,,,,,,,,,,,,,,,,,,
28095,39.5,20.8,13.6,2.68,24.8,2435,0.023109244,9067,25689,,,,,,,,,,,,,,,,,,,,,,,,,,,,,,,,,,,,,,,,
28096,36.1,24.4,10.2,2.94,18.8,26900,0.022114142,10490,31508,,,,,,,,,,,,,,,,,,,,,,,,,,,,,,,,,,,,,,,,
28097,53.1,5.4,25.4,1.59,64.6,130,0,14899,23729,,,,,,,,,,,,,,,,,,,,,,,,,,,,,,,,,,,,,,,,
28099,40.4,20.1,17.1,2.68,25.5,2726,0.031403708,9021,24453,,,,,,,,,,,,,,,,,,,,,,,,,,,,,,,,,,,,,,,,
28100,39.6,19.8,11.1,2.93,18.5,6081,-0.005885238,10738,33213,98.1,1.5,0.3,1.6,20.9,0.008041074,0,0.000604024,0.204046963,0.009324625,0.112990298,0.181471554,0.059458643,0.073464457,0.037789271,0.076409075,0.073011439,0.043338744,0.042017441,0.051115557,0.026463815,0.030155559,0.481090338,0.464378479,0.036406451,0.012273441,0.005851292,,,,,,,,,,,,,
28101,42.1,19.2,16.8,2.4,31.9,339,0.036697248,12939,32116,,,,,,,,,,,,,,,,,,,,,,,,,,,,,,,,,,,,,,,,
28102,43.4,18.1,21.6,2.44,27,1165,0.012163336,8970,22760,,,,,,,,,,,,,,,,,,,,,,,,,,,,,,,,,,,,,,,,
28104,33.3,29.9,6.7,3.06,16.6,23297,0.029201272,15491,48189,,,,,,,,,,,,,,,,,,,,,,,,,,,,,,,,,,,,,,,,
28106,36.3,23.4,10.2,2.96,18.1,123742,0.005051982,8611,26282,,,,,,,,,,,,,,,,,,,,,,,,,,,,,,,,,,,,,,,,
28107,45.1,15.4,21.5,2.5,33.7,475,0.039387309,13062,32621,,,,,,,,,,,,,,,,,,,,,,,,,,,,,,,,,,,,,,,,
28108,36,24.1,8.6,2.6,27.5,5483,0.01706548,12026,31639,,,,,,,,,,,,,,,,,,,,,,,,,,,,,,,,,,,,,,,,
28109,42,19.3,18.2,2.53,27.2,2393,0.004617968,8242,21358,93,1.2,0.3,0.1,12.4,0.004647404,0,0.001010305,0.159022025,0.013538089,0.046474035,0.128106688,0.017579309,0.074964639,0.084461507,0.164275611,0.064659527,0.05334411,0.061426551,0.045059608,0.081228531,0.160509063,0.547551099,0.412032395,0.016583108,0.010952565,0.012880833,0,0,0,0,0,0,0,0,0.176168668,0,0,0.041362339,0.782468993
28110,41.2,19.2,16.6,2.6,24.6,2795,0.00251076,9241,24515,104.5,2.3,0.5,0.4,20.8,0.015739179,0,0.001405284,0.233558179,0.005340079,0.111579539,0.161326588,0.057054525,0.088532884,0.036256324,0.074761102,0.06183249,0.044969084,0.043282743,0.044688027,0.019111861,0.034450652,0.471860128,0.485723153,0.023277467,0.01262156,0.006517691,,,,,,,,,,,,,
28111,42.7,18.5,19.1,2.42,32.6,817,0.027672956,10645,25972,,,,,,,,,,,,,,,,,,,,,,,,,,,,,,,,,,,,,,,,
28112,49.3,11.4,28.1,1.89,52,185,-0.036458333,13321,25393,,,,,,,,,,,,,,,,,,,,,,,,,,,,,,,,,,,,,,,,
28113,37.6,22,11.4,2.77,20.1,50121,0.017313469,11449,32303,,,,,,,,,,,,,,,,,,,,,,,,,,,,,,,,,,,,,,,,
28114,46.8,13.1,24,2.29,36.3,183,-0.010810811,10959,25387,,,,,,,,,,,,,,,,,,,,,,,,,,,,,,,,,,,,,,,,
28115,39.8,22.1,16,3.2,15.6,83860,0.004612159,25957,83812,,,,,,,,,,,,,,,,,,,,,,,,,,,,,,,,,,,,,,,,
28116,35.9,23.1,8.4,2.58,25.4,1090,0.027332705,10087,27320,,,,,,,,,,,,,,,,,,,,,,,,,,,,,,,,,,,,,,,,
28117,45.1,15.5,22.5,2.48,36.5,129,-0.044444444,12802,31628,,,,,,,,,,,,,,,,,,,,,,,,,,,,,,,,,,,,,,,,
28118, , , , , , ,,,,,,,,,,,,,,,,,,,,,,,,,,,,,,,,,,,,,,,,,,,
28902,45.2,16.5,22,2.11,43.7,618,0.023178808,12371,27792,94.3,1.3,0.4,2.2,24.8,0.004736973,0,0,0.272001995,0.001745201,0.100723012,0.170032411,0.05459985,0.078534031,0.030914984,0.068312142,0.065818998,0.051857392,0.041884817,0.04038893,0.017950636,0.02435724,0.442330654,0.477752129,0.062803471,0.01217862,0.004935127,,,,,,,,,,,,,
28119,36.8,26.7,11.6,2.87,21.4,3264,0.016505761,10889,31479,102.3,1,0.3,0,14.9,0.02,0,0,0.215,0.005,0.08,0.15,0.045,0.13,0.025,0.06,0.11,0.07,0.05,0.025,0.01,0.077946768,0.501901141,0.450570342,0.024714829,0.007604563,0.015209125,,,,,,,,,,,,,
28120,46.9,11.4,21.6,2.25,40.3,1626,-0.034441805,11934,28936,102.2,1.3,0.3,0,15,0.009975062,0,0.001246883,0.173316708,0.011221945,0.059850374,0.112219451,0.014962594,0.091022444,0.058603491,0.183291771,0.094763092,0.05361596,0.046134663,0.034912718,0.05361596,0.145680147,0.539981618,0.423253676,0.017922794,0.011029412,0.0078125,,,,,,,,,,,,,
28121,43.2,17.6,20,2.31,32.1,245,-0.061302682,12103,28052,,,,,,,,,,,,,,,,,,,,,,,,,,,,,,,,,,,,,,,,
28122,42,18.7,14.7,2.3,37.4,675,0,11807,27333,,,,,,,,,,,,,,,,,,,,,,,,,,,,,,,,,,,,,,,,
28123,35.7,23.9,6.6,2.99,16.9,82160,0.014609087,13649,41252,,,,,,,,,,,,,,,,,,,,,,,,,,,,,,,,,,,,,,,,
28124, , , , , ,,,,,,,,,,,,,,,,,,,,,,,,,,,,,,,,,,,,,,,,,,,,
28125,42.8,18,17.4,2.46,31.4,3881,0.013315927,10792,27492,,,,,,,,,,,,,,,,,,,,,,,,,,,,,,,,,,,,,,,,
28126, , , , , , ,,,,,,,,,,,,,,,,,,,,,,,,,,,,,,,,,,,,,,,,,,,
28127,37.3,24.5,11.2,3.12,17.8,93230,0.010053953,19340,61380,,,,,,,,,,,,,,,,,,,,,,,,,,,,,,,,,,,,,,,,
28128,49.6,10.1,31.8,2.12,44.4,535,0.003752345,8386,17927,,,,,,,,,,,,,,,,,,,,,,,,,,,,,,,,,,,,,,,,
28129,35.7,26.3,8.2,3.22,14.4,12907,0.007100499,14415,49047,,,,,,,,,,,,,,,,,,,,,,,,,,,,,,,,,,,,,,,,
28130,39.9,18.4,11.8,2.85,17.1,39486,-0.006591527,11108,31904,110.5,1.3,0.4,0.4,14.3,0.033816425,0,0,0.220611916,0.003220612,0.074074074,0.123993559,0.033816425,0.08373591,0.064412238,0.096618357,0.078904992,0.066022544,0.064412238,0.033816425,0.022544283,0.073230769,0.462153846,0.496,0.024,0.009846154,0.008,,,,,,,,,,,,,
28131,40.6,20,15.3,2.66,26.8,17653,-0.001075147,12567,34239,,,,,,,,,,,,,,,,,,,,,,,,,,,,,,,,,,,,,,,,
28132,36.1,23.5,9.1,3.02,16.8,18660,0.0034416,9046,28101,,,,,,,,,,,,,,,,,,,,,,,,,,,,,,,,,,,,,,,,
28133,41.2,19.9,17.4,2.7,24.7,7925,-0.001260239,9052,24759,,,,,,,,,,,,,,,,,,,,,,,,,,,,,,,,,,,,,,,,
28134,38.6,21,13,2.81,21.4,85707,0.009029903,13980,39534,,,,,,,,,,,,,,,,,,,,,,,,,,,,,,,,,,,,,,,,
28135,45.4,14.9,20.5,2.15,39.7,1177,-0.016708438,10086,22330,,,,,,,,,,,,,,,,,,,,,,,,,,,,,,,,,,,,,,,,
28136,42.5,18.9,19.4,2.53,28.5,816,0,10262,26006,,,,,,,,,,,,,,,,,,,,,,,,,,,,,,,,,,,,,,,,
28137,35.8,25.9,10.5,2.89,17.1,2517,0.025254582,10673,31548,,,,,,,,,,,,,,,,,,,,,,,,,,,,,,,,,,,,,,,,
28138, , , , , , ,,,,,,,,,,,,,,,,,,,,,,,,,,,,,,,,,,,,,,,,,,,
28140,37.7,22.9,10,2.99,16.2,3942,-0.003034901,11174,33786,106,1.7,0.4,1.4,15.8,0.059777968,0,0.004269855,0.226302306,0.004269855,0.164816396,0.138343296,0.055508113,0.082835184,0.030742955,0.064901793,0.048676345,0.030742955,0.028181042,0.048676345,0.011101623,0.04457606,0.453241895,0.493142145,0.037718204,0.009351621,0.006546135,,,,,,,,,,,,,
28141,35.8,26.2,9.2,2.97,18,8792,0.015946383,10999,33135,,,,,,,,,,,,,,,,,,,,,,,,,,,,,,,,,,,,,,,,
28143, , , , , , ,,,,,,,,,,,,,,,,,,,,,,,,,,,,,,,,,,,,,,,,,,,
28144,40.3,21.5,14.2,2.94,20.6,8391,0.010598579,14007,42010,,,,,,,,,,,,,,,,,,,,,,,,,,,,,,,,,,,,,,,,
28145,37.4,22.5,11.6,2.67,25.9,3560,0.033081834,10899,29986,,,,,,,,,,,,,,,,,,,,,,,,,,,,,,,,,,,,,,,,
28146,40.3,19.5,16.2,2.64,26.5,2583,0.01056338,9081,24185,,,,,,,,,,,,,,,,,,,,,,,,,,,,,,,,,,,,,,,,
28147,41.2,18.9,17.9,2.66,24.4,1276,0.009493671,10040,26886,,,,,,,,,,,,,,,,,,,,,,,,,,,,,,,,,,,,,,,,
28148,38.8,20.3,13.3,2.86,18.4,126543,0.00373596,10454,31289,,,,,,,,,,,,,,,,,,,,,,,,,,,,,,,,,,,,,,,,
28149,36.2,23.8,9.1,3,15.1,8314,0.028705766,11269,34000,,,,,,,,,,,,,,,,,,,,,,,,,,,,,,,,,,,,,,,,
28150,37.9,24.3,12.2,3.03,15.4,4219,-0.000473821,10054,30797,105.7,1.6,0.5,2.9,24.2,0.045098039,0,0.015686275,0.196078431,0.005882353,0.237254902,0.115686275,0.062745098,0.068627451,0.02745098,0.064705882,0.050980392,0.02745098,0.035294118,0.02745098,0.019607843,0.010830325,0.451263538,0.48856799,0.046931408,0.009025271,0.004211793,,,,,,,,,,,,,
28151,39.5,21.6,14.2,2.76,22.2,4551,0.006413092,10396,29133,,,,,,,,,,,,,,,,,,,,,,,,,,,,,,,,,,,,,,,,
28152,38.1,24.2,11.8,3.31,14.6,22433,0.003444266,18253,61366,,,,,,,,,,,,,,,,,,,,,,,,,,,,,,,,,,,,,,,,
28153,44.2,16.3,20.9,2.23,38.5,812,0.030456853,12975,29442,,,,,,,,,,,,,,,,,,,,,,,,,,,,,,,,,,,,,,,,
28154,37.6,23,11,2.99,17.5,7472,0.005652759,9853,29884,,,,,,,,,,,,,,,,,,,,,,,,,,,,,,,,,,,,,,,,
28903,38.4,21,11,2.83,22.1,45496,0.02843709,18056,51533,99.4,1.4,0.3,1.8,24.7,0.003192251,0.000110078,0.000495349,0.260388574,0.004953492,0.129396224,0.169849744,0.050030271,0.091419451,0.022841103,0.062414002,0.069679124,0.031977544,0.037811657,0.045351973,0.020034124,0.020397511,0.465689621,0.48030516,0.041618149,0.008592652,0.003794419,,,,,,,,,,,,,
28155,44.7,15.3,22.7,2.45,29.5,616,-0.015974441,10328,26181,,,,,,,,,,,,,,,,,,,,,,,,,,,,,,,,,,,,,,,,
28156,38.8,20,12.9,2.61,26.8,1459,0.033286119,10999,28851,,,,,,,,,,,,,,,,,,,,,,,,,,,,,,,,,,,,,,,,
28157,42.8,20.1,21.2,2.42,31.3,866,0.033412888,9548,23245,,,,,,,,,,,,,,,,,,,,,,,,,,,,,,,,,,,,,,,,
28158,43.2,17.5,20.8,2.41,29.4,910,-0.040084388,10851,27231,,,,,,,,,,,,,,,,,,,,,,,,,,,,,,,,,,,,,,,,
28159,43.2,17,20.1,2.42,32.3,771,-0.010269576,8524,20996,,,,,,,,,,,,,,,,,,,,,,,,,,,,,,,,,,,,,,,,
28160,39.1,22.5,13.1,2.77,21.9,12203,0.005603626,13236,37294,96.2,1.6,0.5,2,19.6,0.039647577,0,0.004405286,0.211453744,0.011013216,0.151982379,0.127753304,0.074889868,0.055066079,0.026431718,0.066079295,0.070484581,0.046255507,0.030837004,0.057268722,0.026431718,0.046476762,0.425037481,0.517241379,0.044227886,0.007496252,0.005997001,,,,,,,,,,,,,
28161,35.5,25.7,8.4,2.98,16.2,73558,0.012052503,11132,33882,,,,,,,,,,,,,,,,,,,,,,,,,,,,,,,,,,,,,,,,
28162,36.2,26.4,10.6,2.93,19.3,3879,0.002066649,13806,41260,,,,,,,,,,,,,,,,,,,,,,,,,,,,,,,,,,,,,,,,
28163,41.9,18.3,17.1,2.74,23.8,586,0.01559792,10039,27643,,,,,,,,,,,,,,,,,,,,,,,,,,,,,,,,,,,,,,,,
28164,40.6,20.4,15.8,2.81,21.1,4251,0.014800668,10933,31361,,,,,,,,,,,,,,,,,,,,,,,,,,,,,,,,,,,,,,,,
28165,40,18.1,14.4,2.68,24.7,2686,-0.002969562,8827,25056,,,,,,,,,,,,,,,,,,,,,,,,,,,,,,,,,,,,,,,,
28166,43.6,15.2,19.1,2.27,37.6,429,0.004683841,11374,27138,,,,,,,,,,,,,,,,,,,,,,,,,,,,,,,,,,,,,,,,
28167,36.3,23.4,7.7,3.03,14.6,12025,-0.004717762,11188,34256,,,,,,,,,,,,,,,,,,,,,,,,,,,,,,,,,,,,,,,,
28168,41.7,18.9,18.1,2.41,31.7,1839,0.003820961,10215,24980,,,,,,,,,,,,,,,,,,,,,,,,,,,,,,,,,,,,,,,,
28169,39.9,21.9,12.8,2.68,27.1,2036,0.005432099,17668,47817,,,,,,,,,,,,,,,,,,,,,,,,,,,,,,,,,,,,,,,,
28171,40.3,20.5,16.6,2.74,23.5,6194,0.005519481,8946,24865,,,,,,,,,,,,,,,,,,,,,,,,,,,,,,,,,,,,,,,,
28170,41.2,19,17.9,2.72,24.2,3318,-0.004201681,8261,22740,107,1.4,0.6,0.7,27.1,0.104651163,0,0.011627907,0.186046512,0.011627907,0.279069767,0.151162791,0.046511628,0.046511628,0.011627907,0.034883721,0.023255814,0,0.011627907,0.069767442,0.011627907,0.009174312,0.431192661,0.498470948,0.064220183,0.003058104,0.003058104,,,,,,,,,,,,,
28172,35.6,24.5,8.3,2.93,15.5,12930,0.021569092,13841,40819,,,,,,,,,,,,,,,,,,,,,,,,,,,,,,,,,,,,,,,,
28173,44.5,16.4,23,2.3,37,691,-0.018465909,9183,22180,,,,,,,,,,,,,,,,,,,,,,,,,,,,,,,,,,,,,,,,
28174,40.5,19.2,15.2,2.75,21.8,2318,-0.007280514,9478,27060,,,,,,,,,,,,,,,,,,,,,,,,,,,,,,,,,,,,,,,,
28175,36.8,26.3,10.9,2.67,26.9,1368,0.04587156,10736,28912,,,,,,,,,,,,,,,,,,,,,,,,,,,,,,,,,,,,,,,,
28176,36.9,23.4,10.1,3.36,14.1,19545,0.028467691,15992,55169,,,,,,,,,,,,,,,,,,,,,,,,,,,,,,,,,,,,,,,,
28178,39.1,22.3,12.5,2.86,20.1,1549,0.028552457,10579,30690,,,,,,,,,,,,,,,,,,,,,,,,,,,,,,,,,,,,,,,,
28177,34.1,29.9,7.1,3.32,13.2,16820,0.006101208,13687,45881,,,,,,,,,,,,,,,,,,,,,,,,,,,,,,,,,,,,,,,,
28179,40.7,19.5,12.8,2.68,25,1994,0.001506781,11457,32060,,,,,,,,,,,,,,,,,,,,,,,,,,,,,,,,,,,,,,,,
28180,40.2,20.2,15.2,2.77,20.3,7222,0.003055556,9456,26384,92.9,1.5,0.6,1.9,23.6,0.039490446,0,0.005095541,0.119745223,0.101910828,0.18343949,0.099363057,0.045859873,0.070063694,0.026751592,0.039490446,0.078980892,0.045859873,0.092993631,0.036942675,0.014012739,0.026033691,0.449846861,0.457886677,0.079632466,0.009954058,0.002679939,,,,,,,,,,,,,
28181,40.9,19.2,16.8,3.03,16.3,26769,0.003523899,16808,51775,,,,,,,,,,,,,,,,,,,,,,,,,,,,,,,,,,,,,,,,
28182,45.3,15,21.7,2.21,43,267,-0.014760148,11570,26200,,,,,,,,,,,,,,,,,,,,,,,,,,,,,,,,,,,,,,,,
28183,41.1,21.9,15.6,2.56,31.6,1536,0.019920319,9089,24089,,,,,,,,,,,,,,,,,,,,,,,,,,,,,,,,,,,,,,,,
